Name,Link
"Bethlenfalvy, Hon. Peter",https://www.ola.org//en/members/all/peter-bethlenfalvy/
"Calandra, Hon. Paul",https://www.ola.org//en/members/all/paul-calandra/
"Cho, Hon. Raymond Sung Joon",https://www.ola.org//en/members/all/raymond-sung-joon-cho/
"Cho, Hon. Stan",https://www.ola.org//en/members/all/stan-cho/
"Crawford, Hon. Stephen",https://www.ola.org//en/members/all/stephen-crawford/
"Downey, Hon. Doug",https://www.ola.org//en/members/all/doug-downey/
"Dunlop, Hon. Jill",https://www.ola.org//en/members/all/jill-dunlop/
"Fedeli, Hon. Victor",https://www.ola.org//en/members/all/victor-fedeli/
"Fedeli, Hon. Victor",https://www.ola.org//en/members/all/victor-fedeli/
"Flack, Hon. Rob",https://www.ola.org//en/members/all/rob-flack/
"Ford, Hon. Doug",https://www.ola.org//en/members/all/doug-ford/
"Ford, Hon. Doug",https://www.ola.org//en/members/all/doug-ford/
"Ford, Hon. Michael D.",https://www.ola.org//en/members/all/michael-d-ford/
"Harris, Hon. Mike",https://www.ola.org//en/members/all/mike-harris/
"Holland, Hon. Kevin",https://www.ola.org//en/members/all/kevin-holland/
"Jones, Hon. Sylvia",https://www.ola.org//en/members/all/sylvia-jones/
"Jones, Hon. Sylvia",https://www.ola.org//en/members/all/sylvia-jones/
"Jones, Hon. Trevor",https://www.ola.org//en/members/all/trevor-jones/
"Kerzner, Hon. Michael S.",https://www.ola.org//en/members/all/michael-s-kerzner/
"Khanjin, Hon. Andrea",https://www.ola.org//en/members/all/andrea-khanjin/
"Kusendova-Bashta, Hon. Natalia",https://www.ola.org//en/members/all/natalia-kusendova-bashta/
"Lecce, Hon. Stephen",https://www.ola.org//en/members/all/stephen-lecce/
"Lumsden, Hon. Neil",https://www.ola.org//en/members/all/neil-lumsden/
"McCarthy, Hon. Todd J.",https://www.ola.org//en/members/all/todd-j-mccarthy/
"McGregor, Hon. Graham",https://www.ola.org//en/members/all/graham-mcgregor/
"Mulroney, Hon. Caroline",https://www.ola.org//en/members/all/caroline-mulroney/
"Mulroney, Hon. Caroline",https://www.ola.org//en/members/all/caroline-mulroney/
"Oosterhoff, Hon. Sam",https://www.ola.org//en/members/all/sam-oosterhoff/
"Parsa, Hon. Michael",https://www.ola.org//en/members/all/michael-parsa/
"Piccini, Hon. David",https://www.ola.org//en/members/all/david-piccini/
"Pirie, Hon. George",https://www.ola.org//en/members/all/george-pirie/
"Quinn, Hon. Nolan",https://www.ola.org//en/members/all/nolan-quinn/
"Rickford, Hon. Greg",https://www.ola.org//en/members/all/greg-rickford/
"Rickford, Hon. Greg",https://www.ola.org//en/members/all/greg-rickford/
"Sarkaria, Hon. Prabmeet Singh",https://www.ola.org//en/members/all/prabmeet-singh-sarkaria/
"Smith, Hon. Graydon",https://www.ola.org//en/members/all/graydon-smith/
"Surma, Hon. Kinga",https://www.ola.org//en/members/all/kinga-surma/
"Tangri, Hon. Nina",https://www.ola.org//en/members/all/nina-tangri/
"Thanigasalam, Hon. Vijay",https://www.ola.org//en/members/all/vijay-thanigasalam/
"Thompson, Hon. Lisa M.",https://www.ola.org//en/members/all/lisa-m-thompson/
"Tibollo, Hon. Michael A.",https://www.ola.org//en/members/all/michael-a-tibollo/
"Williams, Hon. Charmaine A.",https://www.ola.org//en/members/all/charmaine-a-williams/
